{
  "frame_id": "color_optical_frame",
  "intrinsics": {
    "cx": 651.32,
    "cy": 349.62,
    "depth_scale": 1000.0,
    "fx": 927.17,
    "fy": 927.37
  },
  "lims": {
    "xmax": 0.12,
    "xmin": -0.19,
    "ymax": 0.15,
    "ymin": 0.02,
    "zmax": 1.0,
    "zmin": 0.0
  },
  "ok": true,
  "orientation": {
    "w": 0.10127262026071548,
    "x": 0.8508327603340149,
    "y": -0.04970148578286171,
    "z": 0.5131834149360657
  },
  "position": {
    "x": 0.1054363027215004,
    "y": 0.040499959141016006,
    "z": 0.5069524049758911
  },
  "score": 0.41072869300842285,
  "timestamp_unix": 1769527684.8923528,
  "width": 0.1128062978386879
}