mu,success_at_1_overall
0.2,0.05755208432674408
0.4,0.21197916567325592
0.6,0.3170572817325592
0.8,0.40026041865348816
1.0,0.4625000059604645
1.2,0.5006510615348816
