{
  "res_path": "temp_result.npy",
  "res_shape": [
    30,
    256,
    50,
    6
  ],
  "mu": [
    0.2,
    0.4,
    0.6,
    0.8,
    1.0,
    1.2
  ],
  "AP_mean_over_mu": 0.2367336004972458,
  "AP_at_mu": {
    "0.2": 0.03623436391353607,
    "0.4": 0.12885139882564545,
    "0.6": 0.21785448491573334,
    "0.8": 0.2946297228336334,
    "1.0": 0.3516410291194916,
    "1.2": 0.3911905586719513
  },
  "SuccessAt1_overall_at_mu": {
    "0.2": 0.05755208432674408,
    "0.4": 0.21197916567325592,
    "0.6": 0.3170572817325592,
    "0.8": 0.40026041865348816,
    "1.0": 0.4625000059604645,
    "1.2": 0.5006510615348816
  },
  "num_scenes": 30,
  "num_views": 256,
  "topK": 50
}